City,Community,lat,lon,Pincode,Impact_2024-04,Impact_2024-05,Impact_2024-06,Tonnage_2024-04,Tonnage_2024-05,Tonnage_2024-06,CO2_Kgs_Averted_2024-04,CO2_Kgs_Averted_2024-05,CO2_Kgs_Averted_2024-06,Households_Participating_2024-04,Households_Participating_2024-05,Households_Participating_2024-06,Segregation_Compliance_Pct_2024-04,Segregation_Compliance_Pct_2024-05,Segregation_Compliance_Pct_2024-06
Bangalore,C0022,12.9947022,77.4849282,560091,7553,9943,9349,97.1514842,74.66340087,27.80040098,4907.726661,3993.683494,848.5710678,206,82,344,59.36298327,53.2022656,98.4330503
Bangalore,C0023,12.8826231,77.6040475,560076,7009,3236,7621,90.56908044,79.20162765,64.37390737,4212.273673,3931.363398,3142.078054,22,440,15,63.46952745,61.32752983,77.80568432
Bangalore,C0024,12.9623272,77.6972859,560037,2615,4823,3442,68.50480666,83.12948628,58.43412555,1468.855257,3458.171109,2905.36274,20,445,157,99.7030593,76.91893655,91.18768055
Bangalore,C0025,12.9147147,77.5159128,560098,3260,5401,5056,36.41964555,62.74342789,71.93456796,1647.358714,3351.969689,1301.704992,390,487,371,72.24126103,77.75314119,75.77523151
Bangalore,C0026,12.9506662,77.5019369,560056,2511,9602,8767,65.80932262,78.81087746,68.08542462,2952.40639,2641.161585,4010.025788,108,44,207,68.26895454,55.33175969,67.20419984
Bangalore,C0027,12.8502428,77.6545244,560100,9729,5071,4121,16.63063031,35.88691004,64.32198073,4237.059537,2940.998613,2094.639666,108,27,240,88.83405576,62.50402295,72.7393517
Bangalore,C0028,13.0223768,77.6439649,560043,4769,3386,4590,48.03206086,44.41375624,37.32656811,4149.58827,3717.795028,3863.528873,209,146,235,69.28682544,54.96082983,65.05214541
Bangalore,C0029,12.8979301,77.7009299,560066,7671,5674,2503,53.75098929,38.05366159,42.5388751,4583.431914,3696.196356,779.1765518,12,351,496,58.28873862,75.12115923,68.58747966
Bangalore,C0030,13.0122764,77.628151,560035,5467,7799,9711,45.93352512,80.07103573,82.98909185,1046.21951,1469.120011,4380.985585,464,237,377,84.40140504,55.26614131,66.34066808
Bangalore,C0031,12.9047713,77.4669074,560084,5464,7765,8934,34.3459585,29.82099145,68.33920787,1690.705102,4803.583252,2231.421504,159,387,105,65.81939103,95.72694483,76.20415564
Bangalore,C0032,12.8243154,77.4597215,560060,7007,6396,8779,71.43392753,66.20811497,46.64412351,1564.570627,880.6881859,2633.47259,116,210,438,82.48080497,99.15927226,76.78736463
Bangalore,C0033,12.9170541,77.6723963,560082,8460,8853,9305,47.61304229,40.1394617,76.22170219,3583.766851,3405.179168,3759.934436,412,259,199,62.86937678,70.44623647,69.26290601
Bangalore,C0034,12.9709184,77.6566485,560062,3143,8391,9882,95.24169616,58.29298679,49.36695979,1040.352894,1346.268815,3072.538894,263,186,280,73.65910283,97.18340345,50.68507056
Bangalore,C0035,12.9585819,77.5648455,560103,8361,1813,9971,45.51268654,75.80089211,98.93708607,1755.702405,629.9469042,3912.69674,149,321,31,58.75313013,57.25515592,68.11183003
Bangalore,C0036,12.8986856,77.6365787,560075,4406,5938,6324,58.02105669,49.26337315,84.87507014,905.1373924,4806.073995,4332.057369,371,60,18,73.31505095,52.06196767,71.16953902
Bangalore,C0037,12.9890485,77.7067315,560077,3745,2655,5998,80.38923113,95.80742144,42.92856297,3504.528503,3228.623079,2571.122687,313,240,127,80.7374961,62.28680076,53.40276809
Bangalore,C0038,12.9548112,77.6606378,560018,1351,1786,4632,39.79446215,58.36563106,56.10343911,2392.761371,4815.602782,4711.408638,351,16,330,56.64840976,72.31405096,99.41392888
Bangalore,C0039,12.9668493,77.7516428,560091,7953,8267,2358,40.16736099,71.6884336,90.61668686,1131.278476,4328.452042,3424.55833,468,122,249,62.13532259,58.29686095,99.6514329
Bangalore,C0040,13.0398962,77.5730973,560100,7304,5950,2254,47.14802335,22.24876948,99.28757959,4313.728878,3008.047596,3035.657818,182,458,498,98.63886019,91.72901319,80.27626778
Bangalore,C0041,13.0608063,77.6548332,560068,2860,9004,9655,70.98304233,75.23113404,92.27593417,2617.234971,4679.94088,1922.969702,110,456,18,51.73737908,67.3852626,77.11760692
Bangalore,C0042,13.0778781,77.5569036,560048,6721,7655,5508,45.81714975,83.35773402,82.85703821,745.7096789,1901.822435,2674.287318,162,439,86,66.35969929,96.15931833,98.57288089
Bangalore,C0043,12.9041641,77.539949,560035,4591,6781,6182,15.92659487,52.32772953,96.74422658,1360.546222,3587.418475,4895.620026,392,368,303,68.65832321,63.28394906,56.96294997
Bangalore,C0044,13.0414384,77.5972008,560017,3907,7387,4235,86.48897276,45.81860912,92.37791973,4113.81486,3708.139653,900.1899109,354,75,486,52.51076614,67.89540819,57.0480932
Chennai,C0067,13.0810175,80.2377158,600017,7105,3030,2875,62.06279275,34.24755791,54.53810133,864.1151046,1578.372844,1657.874759,333,113,404,50.43750803,55.05332558,50.71669626
Chennai,C0068,1.3080457,103.8517708,600056,2932,5471,7656,20.71831466,27.19524211,70.64146319,2237.554667,1569.712601,4185.126622,121,332,252,53.48520774,94.76647863,84.72686535
Chennai,C0069,12.8463302,80.2216136,600010,9817,4936,8791,22.29212004,86.68582632,80.92147369,1011.775474,3074.182857,1502.790435,249,201,294,90.43744362,98.85816452,76.69527733
Chennai,C0070,13.0380848,80.2652648,600100,6847,5082,2983,82.56254565,20.38782802,77.84579178,515.6380087,3481.216718,2668.993342,361,29,327,76.47806388,91.76608229,87.38027677
Chennai,C0071,13.0254663,80.2619427,600031,7357,8231,5295,18.25526372,27.32187981,62.41034788,610.9840725,3303.585321,1168.321586,23,396,460,87.82800958,53.01093499,61.61801132
Chennai,C0072,12.9228086,80.1970034,600078,1294,6384,1077,48.68182753,85.70402868,87.53098767,4962.780013,3653.981195,4975.205258,344,481,279,78.0072592,54.66168835,60.14927541
Chennai,C0073,13.0326734,80.160481,600085,6548,8204,7775,40.9949116,51.75707618,63.60006565,1757.002735,4526.657732,2349.939007,396,487,45,92.70647965,73.62479701,85.619763
Chennai,C0074,13.0579465,80.2430265,600100,3995,8633,3383,33.17755034,38.99140122,60.5465844,2600.070048,619.1337429,3642.787197,66,142,340,96.8265786,55.80691803,75.46750934
Chennai,C0075,13.0144135,80.1325044,600100,8286,1276,2440,99.66475351,30.59408965,84.66831099,2823.440056,4481.664548,4737.121579,173,298,456,51.8928781,55.89648897,61.22538336
Chennai,C0076,12.9786978,80.257601,600017,9134,7760,1249,61.8375795,32.70057846,10.51313692,1279.580619,2694.248729,4005.599393,307,289,11,96.74804682,62.46976829,51.78777659
Chennai,C0077,12.9540028,80.1391189,600100,6617,9269,1346,38.18077542,60.29748531,52.51069535,3052.676113,3748.094347,4885.724228,445,353,395,98.95734616,94.071687,71.01149031
Chennai,C0078,13.0425202,80.2347075,600125,3100,7926,9827,75.09009384,55.63314833,60.44907578,1330.073376,1505.972508,1999.227262,373,234,242,82.36257104,59.44246232,77.81006224
Chennai,C0079,13.0581602,80.1210975,600100,4661,4051,8407,97.47688535,13.1919926,61.17882637,4803.40552,2904.209238,1674.878883,447,151,447,58.51668745,90.86363025,64.46453577
Chennai,C0080,12.9540142,80.1846608,600006,3585,7259,2947,22.85006152,95.26075356,77.33198119,548.4442184,877.4078471,4147.58621,23,298,317,76.96059559,82.3970838,91.16484254
Chennai,C0081,13.0401734,80.1997398,600100,5283,1916,5682,18.1797941,41.97581989,20.05021728,1994.777739,3964.860296,4716.067325,334,242,394,67.23580652,52.13137469,58.91910853
Chennai,C0082,13.0191142,80.2439829,600100,1607,6368,1970,40.93726459,18.21883499,63.43695835,2805.968993,1976.386231,3386.449213,337,344,426,62.26385794,52.55535492,87.15717034
Chennai,C0083,13.0204448,80.1641325,600028,9911,2545,1562,84.07888934,32.86485683,47.68014121,2278.655533,4302.8034,3686.187197,134,41,405,81.242347,86.13688331,98.49916605
Chennai,C0084,13.062936,80.2491169,600107,1171,7407,5663,23.22576073,16.23546254,81.05360397,4787.640211,4624.706258,4065.523458,383,257,150,92.19141508,70.1903904,67.36858562
Chennai,C0085,13.0643241,80.2029863,600093,6483,4877,7420,82.51258779,33.59533377,97.03955294,4815.139812,1046.345168,1353.318839,326,172,298,78.60387286,94.6946925,59.38814949
Chennai,C0086,13.0511863,80.2000917,600004,4304,4587,7659,80.97628142,96.85556145,88.93372921,1230.341353,1493.286401,1523.266626,87,424,316,56.99534991,84.98605886,71.7899482
Chennai,C0087,13.0211752,80.2215594,600041,6010,9609,5177,85.87527238,31.58358044,86.02896345,2796.927838,4915.43935,1106.300937,271,64,479,60.98612004,85.82600056,59.86312501
Chennai,C0088,13.0633349,80.2241989,600125,6666,6509,1929,39.3729311,88.99026536,50.63982793,1656.125898,739.6899778,3637.540364,240,156,258,71.21835001,70.22665127,70.93170167
Chennai,C0089,13.0612736,80.1666119,600015,2242,7536,2561,89.33890155,91.66100845,78.48787005,2734.424143,3651.434706,926.3942967,174,155,182,72.2171711,53.99948101,98.39699165
Delhi,C0103,28.466319,77.0888668,201301,5375,3978,5789,78.5268337,92.42880825,83.57375928,3044.833449,4220.977906,2566.64005,103,309,361,76.0097121,76.84366736,81.13221846
Delhi,C0104,28.52773,77.389534,121009,6201,7324,6952,86.46390359,57.24790161,21.76766127,1229.660652,624.4219236,1233.352979,126,113,330,78.15950506,69.80779021,70.31572886
Delhi,C0105,28.5133823,77.0422095,110065,7504,3120,2969,56.96026539,40.64710051,36.00615323,3318.710912,1938.220595,2743.316145,113,126,63,71.63279192,98.44464302,56.91415202
Delhi,C0106,28.4685549,77.0377954,122018,7044,4080,2563,47.15461666,61.51208309,84.55169149,4349.117961,4404.538071,2862.754719,308,403,86,68.32478261,54.32198112,72.24628413
Delhi,C0107,28.420874,77.051652,201304,1673,8971,6809,29.24671547,64.26944664,42.76649532,3675.283916,3269.363345,825.5104196,198,284,442,80.94502096,56.52268779,60.41396037
Delhi,C0108,28.5460157,77.387915,122017,2635,7698,1444,63.31167361,43.53786466,25.68471622,1057.417605,2435.133092,2983.279465,79,215,17,71.28329141,73.54733249,89.95976328
Delhi,C0109,28.4929124,77.2947499,110075,3131,9892,7461,46.79815261,38.90311466,38.89886671,4029.182392,4222.938445,2315.367098,429,97,89,71.81684484,59.67457699,89.14104387
Delhi,C0110,28.5673962,77.2480395,110021,4834,1790,1640,77.07178919,62.90852214,50.08465258,2472.678967,878.4272596,2177.685223,92,432,434,57.3192788,73.16107241,63.65252258
Delhi,C0111,28.5922297,77.0579665,110092,9444,2583,5039,89.19461626,78.56068357,77.21686154,3490.772282,1403.047489,1604.367213,201,335,165,91.92508734,65.2888108,77.57135974
Delhi,C0112,28.5930284,77.1810738,110064,2303,7973,9029,57.96078827,72.12996892,96.68375394,4420.542987,3863.388448,3543.678858,37,130,463,70.18890861,85.4904524,81.47664575
Delhi,C0113,28.625889,77.3188369,201304,9712,7254,9493,43.53476673,34.06294563,40.9224178,3651.625564,1623.715394,1571.590439,258,221,255,52.98331639,64.35487913,66.62005356
Delhi,C0114,28.626587,77.1129487,201304,8596,1720,3524,92.45021186,40.15010613,34.81746381,2148.034193,2293.879513,2737.961757,335,53,339,83.73488646,92.27457506,99.9831727
Delhi,C0115,28.6835175,77.2051385,110007,7113,2173,9169,24.24673841,73.5868579,81.196739,860.2079783,2102.089763,1354.479563,324,69,403,87.17413064,51.03615698,84.47308521
Delhi,C0116,28.4796796,76.9995239,122006,9168,2529,1721,52.1230396,89.64663735,65.05916361,1460.446103,2699.70998,1759.61853,446,256,383,71.78408623,52.87979095,80.67461573
Delhi,C0117,28.6090602,77.2977622,201301,5916,8457,4336,14.14532425,36.6912477,37.37917579,3286.988102,1824.1312,4345.427868,206,478,98,80.63352145,99.21472929,97.7357151
Delhi,C0118,28.6498708,77.3573202,122018,9217,4117,6078,39.09661082,61.85968056,26.52895759,3354.320642,2567.451769,2413.252279,445,338,470,70.42090509,97.82852052,95.40380711
Delhi,C0119,28.5218591,77.1596947,110092,2603,2384,3477,81.88827483,85.15062141,16.35056171,2315.266967,3749.410917,1257.090286,355,200,180,50.86748066,67.31133134,92.10417402
Delhi,C0120,28.5800691,77.2527603,110075,4785,7329,3735,33.86830416,72.08978129,18.23184994,3122.614085,878.9787453,4106.313411,335,212,27,89.87556531,72.48937785,59.05738276
Hyderabad,C0165,17.441828,78.357503,500019,2641,1746,8298,54.10290388,71.20451752,65.70950019,4350.760972,4667.016211,4959.707421,47,470,124,66.99258029,67.54450882,56.57161794
Hyderabad,C0166,17.332509,78.416963,500090,2602,8082,4414,76.26348986,56.87145208,63.11386454,2273.05778,3401.961117,2723.522686,459,151,270,55.81798761,86.24995364,79.30496852
Hyderabad,C0167,17.470941,78.382574,500056,4289,7176,6498,77.01677601,81.52090098,47.93830068,4748.091669,922.34511,1167.461547,184,39,291,88.66064925,73.71092811,52.98676592
Hyderabad,C0168,17.49713,78.431124,500032,5504,6040,1337,63.5741316,93.67110637,61.61190795,1142.998169,1342.334255,2773.790491,328,168,75,80.61466179,54.41837624,68.83057421
Hyderabad,C0169,17.278412,78.397132,500032,1485,7978,4529,29.67250219,69.12541083,46.15983083,4247.657146,4260.692533,4063.828044,64,192,88,52.16956447,79.29713821,90.65601459
Hyderabad,C0170,17.338203,78.617271,500019,1144,3485,3861,76.23837141,54.61531849,39.56374258,3406.863369,2038.026998,3748.04831,363,330,477,86.25741414,70.03673847,85.55500146
Hyderabad,C0171,17.336924,78.579708,500032,7222,2611,8903,65.90669605,63.87001418,81.57317404,2274.599421,3257.254513,731.8946723,325,470,71,62.87823362,77.25091224,86.77209575
Hyderabad,C0172,17.282823,78.385702,500008,2238,9052,9358,15.60287561,33.91344409,71.94182334,1564.162679,4981.023048,4388.626069,85,397,244,70.45013704,65.74528552,78.18851535
Hyderabad,C0173,17.493904,78.358785,500033,6697,8756,9558,90.85119302,68.6069594,84.78762275,2123.345928,2720.749467,3835.049821,228,329,305,81.759661,77.23814395,79.1461076
Hyderabad,C0174,17.501997,78.612231,502030,7047,1207,1623,95.6217468,26.33100548,41.85153174,2162.668292,1677.906349,3704.254969,383,135,381,62.56626316,87.9947889,64.96596824
Hyderabad,C0175,17.392111,78.447836,500030,2205,1767,7411,64.25032047,51.61486035,48.31629203,3620.833784,3957.401657,3082.459649,52,75,108,69.65226489,64.62845555,87.23746715
Hyderabad,C0176,17.49236,78.598116,500081,3949,5793,9920,31.90852058,11.32160197,78.64851232,1227.02576,2661.494287,569.0047152,368,491,21,78.09897343,95.69749184,96.38098483
Hyderabad,C0177,17.332239,78.544564,500081,2775,4794,4902,93.83484332,47.64291,31.03111824,3068.126239,2353.900354,4091.92114,82,73,148,89.99400474,67.16740881,50.29638445
Hyderabad,C0178,17.468061,78.564062,500077,4637,7943,9278,57.53680811,96.68053975,56.28816095,4998.25873,521.5695697,927.5848394,179,39,300,85.99008492,99.96242168,75.00262145
Hyderabad,C0179,17.278251,78.421561,500090,5747,5662,3644,18.23310514,94.54699577,11.20097728,1160.678478,1480.140302,2308.778474,382,291,391,92.13570366,96.84249946,81.4159876
Hyderabad,C0180,17.27093,78.573212,500049,5733,6503,5879,82.29646867,77.98396155,88.2144689,911.262352,4965.930061,1099.443092,182,170,209,86.63546472,89.42411406,74.67448327
Hyderabad,C0181,17.544393,78.631997,500084,9701,4292,3822,62.44896582,62.58034062,77.7412145,646.8735584,3146.819346,1836.51787,205,495,77,57.5635699,53.88965061,75.44744682
Hyderabad,C0182,17.35927,78.468624,500019,9456,1237,1322,53.94020484,66.21280165,67.48908224,636.9763145,2291.784587,1504.836662,489,147,320,68.64179084,71.89121202,64.5526678
Hyderabad,C0183,17.382245,78.499971,500089,3848,4768,8550,52.15011467,20.09828324,44.2067326,4166.329078,904.1865195,1747.578284,374,330,200,56.67779856,79.20670246,84.04046431
Hyderabad,C0184,17.471056,78.57704,500014,2993,8912,5119,94.58859883,18.72017326,78.82730617,2763.74286,4872.32197,2950.670415,154,205,283,84.42163295,98.3466246,80.56620792
Hyderabad,C0185,17.456093,78.646497,502032,2540,2793,8189,81.1481232,70.62196686,99.91124647,1675.852369,3617.91985,4041.739243,300,40,96,62.35658413,84.96347896,62.51427546
Hyderabad,C0186,17.477743,78.355913,502032,3329,3420,5278,85.92370146,80.99771842,89.02915671,2454.153597,1201.163895,779.7447261,317,410,153,51.60174326,83.74850624,66.79271733
Hyderabad,C0187,17.378393,78.478697,500010,1327,1678,6273,21.23985917,47.35630762,72.1014196,575.5825141,1891.867783,776.0897672,483,185,148,66.33914415,84.91842265,95.0179776
Hyderabad,C0188,17.260361,78.487981,500034,2129,8144,9022,58.01441371,24.79318878,87.53401735,1500.337872,686.3583459,4329.195568,215,464,427,75.83214386,51.77187218,87.34532465
Hyderabad,C0189,17.475897,78.456862,500019,2006,9224,6232,53.63334954,78.69021121,85.0946155,2206.838102,4319.991058,3299.514404,141,362,212,72.2032941,82.7870627,94.01804373
Hyderabad,C0190,17.373007,78.553203,500083,9933,7747,9042,97.15239235,42.96461493,49.63014496,2628.544588,1327.474225,3835.641594,322,134,396,77.65680074,71.58256359,96.26938317
Hyderabad,C0191,17.549303,78.455563,502032,1716,5661,9172,13.66201401,41.44806018,11.23999165,2940.865552,4738.707865,4650.339423,229,338,383,50.31389536,75.13514671,56.58014063
Hyderabad,C0192,17.438624,78.614071,500019,1507,3612,2250,76.22835193,20.07977931,34.17049872,2095.512323,1798.102618,4648.478584,326,154,25,87.46073118,96.53031172,83.13772484
Hyderabad,C0193,17.470313,78.381802,500084,9734,1620,7863,88.37841174,81.79585104,28.14012765,636.6890811,1859.442111,2566.564922,278,484,22,76.68736843,74.07459734,54.82238825
Hyderabad,C0194,17.35659,78.511608,500068,5736,9081,1150,17.85292805,79.01332681,84.10063965,2244.447379,2393.687066,2916.86738,432,56,470,57.59775598,59.02602279,60.90351107
Hyderabad,C0195,17.36313,78.597821,500043,2863,5757,6701,16.37317518,56.98037443,45.08486042,1218.01265,1941.032023,4276.849174,133,251,349,97.78655852,50.77119017,62.89926332
Hyderabad,C0196,17.420246,78.58228,500084,7487,8500,7407,37.32932001,44.38221381,30.50714342,1041.12676,1776.092121,1253.870478,128,109,271,68.11149815,62.21391167,99.11686013
Hyderabad,C0197,17.505405,78.395932,500086,3138,7215,3635,73.18259958,68.98708816,77.29487609,1169.871928,2130.092586,2211.904604,490,226,260,68.13971094,95.56829477,72.2260764
Hyderabad,C0198,17.37031,78.516363,500034,9423,1258,1429,38.06363288,62.48521169,56.18685605,3940.3662,2950.552459,2777.654642,95,32,188,80.91935441,64.79315501,89.84368232
Hyderabad,C0199,17.498989,78.542987,500090,4161,8595,4650,40.85796182,88.64967439,47.47716862,2142.822279,1514.446579,1726.305897,10,165,295,92.11733328,75.57502841,54.05380167
Hyderabad,C0200,17.392762,78.462929,500019,9968,8299,8024,71.52436131,79.7657324,31.01034866,4353.074183,978.7929855,3862.920005,225,484,472,96.0369387,63.27225893,55.3566254
Hyderabad,C0201,17.424932,78.566625,500034,4655,7059,2439,47.7263348,59.97437664,84.68414331,1087.565186,2499.175696,4871.500719,425,200,173,79.27986138,76.89520502,96.24207185
Hyderabad,C0202,17.379612,78.577066,500072,2932,9861,2587,92.57581639,28.58994811,45.67935944,2772.287882,3482.137305,2339.248939,404,287,339,56.26948192,84.6112572,86.85996552
Hyderabad,C0203,17.504757,78.559093,500043,9507,6607,1130,43.06607465,10.24582676,20.18991242,1155.40217,815.2416681,3475.269074,18,433,183,88.16479339,51.03888623,52.33495129
Hyderabad,C0204,17.457097,78.548963,500008,6034,4377,9313,11.15010027,73.00720048,67.88168418,4320.764306,1236.894772,2239.727343,158,383,236,87.62945488,99.25237888,73.94683548
Hyderabad,C0205,17.374992,78.498496,500019,7617,6915,6508,69.92670692,55.57881102,48.28967051,4483.011925,1426.119241,1702.104296,133,273,338,85.4304741,93.80145085,56.51068474
Hyderabad,C0206,17.312223,78.446967,500019,2734,8947,9972,89.71612981,97.49781696,89.97323537,1674.962245,3531.742804,1069.876267,378,475,393,67.08438242,83.33081465,88.35207124
Hyderabad,C0207,17.473046,78.462989,500050,1458,8511,9973,20.96061525,47.14363681,31.11876014,816.9240941,1896.034033,3157.156455,498,197,197,51.27803011,99.38645874,53.68596979
Hyderabad,C0208,17.366944,78.486297,500034,4883,7016,5558,58.6202198,52.05964397,19.39954654,3507.127426,3437.029858,2835.837212,247,125,326,64.89186246,59.9054123,54.05414922
Hyderabad,C0209,17.485706,78.506897,500049,9988,8790,4354,45.51568497,92.1548819,74.01392204,2765.927687,4456.069869,4859.304084,337,104,456,75.08895562,88.94747957,73.29451031
Hyderabad,C0210,17.361969,78.420593,502032,5114,1664,4007,62.37509063,90.06265168,47.50401787,2917.910622,2238.705572,3844.722892,445,449,170,98.83088028,86.73687424,67.921032
Hyderabad,C0211,17.322907,78.537756,500081,5164,5885,1615,35.84910953,89.32251746,53.48526393,2463.952526,1738.491278,710.7477607,74,206,50,74.56715522,73.0390174,65.2615589
Hyderabad,C0212,17.317053,78.375459,500058,6069,3308,1774,98.62978796,84.5643382,88.73221411,1504.05358,2489.643237,3541.175575,164,103,482,74.18769907,93.32574942,60.08888859
Hyderabad,C0213,17.328097,78.511732,500058,7848,7799,7312,78.01728842,73.2757823,89.4723408,2021.070285,1466.07556,2936.214356,313,411,286,88.88764187,65.27727807,94.54535796
Hyderabad,C0214,17.52303,78.620853,500087,1670,7491,9095,92.60319989,84.79695705,94.13303174,1312.994191,3275.561248,1489.903422,195,41,441,59.91465349,87.50783031,56.19023103
Hyderabad,C0215,17.458432,78.611991,500010,9444,9136,6525,83.43535344,47.80724463,27.22327654,1445.455361,4322.158827,1611.480383,486,158,42,69.34529473,86.70683231,96.41600986
Hyderabad,C0216,17.507326,78.532909,500019,6546,1287,8788,10.42095366,57.19806254,90.94372468,4293.096392,2546.856096,4831.801703,74,491,34,99.0904305,97.78674723,65.21856447
Hyderabad,C0217,17.462715,78.601052,500084,9684,1701,9217,45.62530389,95.96010737,15.37920139,2373.943197,4380.245512,4506.233549,391,196,96,52.60642663,51.81860301,67.76616064
Hyderabad,C0218,17.507993,78.524918,500050,7785,7345,1406,35.56958302,16.33241073,98.95035778,2146.352829,2620.693596,3079.119478,82,264,488,79.05851172,80.3844424,70.67383939
Hyderabad,C0219,17.448113,78.481009,500018,7771,9054,9132,11.70990026,33.64861422,65.92405718,972.2460719,552.2573646,4570.646121,208,338,181,61.70977302,56.84882566,97.63212149
Hyderabad,C0220,17.476286,78.613575,502032,3412,4972,6727,59.55645052,52.30989062,54.39282336,4964.686572,3830.393325,749.2212534,311,316,413,53.86559984,83.93315059,53.82794225
Hyderabad,C0221,17.293918,78.63553,500067,4252,3777,8964,20.9457828,32.05240198,10.37306662,2472.520253,4301.799599,1361.863149,420,442,69,76.68676973,51.99777012,75.47639931
Hyderabad,C0222,17.429228,78.474406,500018,2290,7980,7113,83.6129036,34.30367051,13.67675793,2594.551443,4882.902613,1980.415526,209,407,205,93.99519795,80.62488387,55.62468548
Hyderabad,C0223,17.354923,78.552682,500019,4840,2306,3184,23.82968825,47.77194817,25.69243889,1675.128093,4282.866509,1981.62513,102,342,101,60.34827483,86.55780766,81.07085179
Hyderabad,C0224,17.323105,78.409983,500072,2151,3174,5290,36.43386255,19.38963858,68.55102533,1770.910135,3726.290814,4413.291513,35,95,92,56.76645876,84.46904544,64.74653383
Hyderabad,C0236,17.45364,78.430211,500084,9159,9482,9545,55.67168746,69.00313225,13.24802072,3763.719507,3930.657532,4278.57979,139,175,273,92.22559661,94.2405606,81.72149936
Hyderabad,C0237,17.483588,78.509106,500085,5608,8100,9281,74.41222734,57.15867857,16.34936286,4092.255584,639.9624127,2986.644519,155,382,68,85.12512445,70.84288582,88.43477781
Hyderabad,C0238,17.250172,78.447247,500094,5284,5509,1594,90.03696748,25.96258386,32.95678531,4165.584098,4961.001979,3273.029574,466,415,152,89.20793645,65.37152088,78.49800433
Hyderabad,C0239,17.255843,78.62873,500019,4650,2307,7222,67.03100404,15.35054227,57.80138886,1300.942952,4948.283539,840.6555021,78,362,68,77.32602478,55.9502643,69.51994549
Kolkata,C0247,22.5150953,88.3984761,700025,5924,4788,6624,51.07059551,10.84220723,94.07192888,4989.458613,4132.703613,3660.51254,255,27,268,58.99635058,53.64413577,71.52363177
Kolkata,C0248,22.5286536,88.36495,700026,4149,7897,1612,17.63556811,63.21475956,50.2067565,4533.137176,1528.819238,4290.008306,202,316,202,87.52925126,68.15958006,59.82121409
Kolkata,C0249,22.5956184,88.4103457,700135,6108,2707,3719,31.15384954,73.7639475,64.84493766,2858.674268,1555.841497,3356.767681,195,428,326,81.37306863,61.93318242,80.27023217
Kolkata,C0250,22.5082726,88.332906,700033,2703,5089,3603,59.20235349,56.08274788,54.94264943,3540.942795,538.3712622,3772.737009,58,171,36,70.31034738,93.9647485,97.82888205
Kolkata,C0251,22.5317135,88.3469093,700015,4368,8036,1463,49.19905382,25.04331777,20.59562526,4730.771294,4289.954109,4771.879408,421,460,472,55.17193957,75.12031315,75.32494155
Kolkata,C0252,22.5202003,88.3484095,700054,4096,4042,1850,21.82010732,92.80371103,44.93781501,4946.632344,2911.181533,3696.700547,351,472,392,97.56126755,91.71259197,75.59742713
Kolkata,C0253,22.5992772,88.506393,700034,4002,3112,3348,70.51020381,31.33017976,93.02681614,4759.368958,503.4336429,2348.407636,250,230,114,96.36757145,95.2958227,97.13315664
Kolkata,C0254,22.5077493,88.3487081,700084,8169,1631,3774,69.080554,43.54229873,27.50682302,3215.894009,749.3015246,737.0872162,280,435,79,90.36321875,86.5425343,63.68921835
Kolkata,C0255,22.5585699,88.3814411,700156,8160,1644,8928,45.19941967,82.59230854,41.71297755,3786.683632,4460.302274,2648.16773,175,274,196,70.3606869,64.66864682,70.92868734
Kolkata,C0256,22.5818484,88.3915601,700045,1003,3160,7406,14.17530505,31.54068587,15.05241277,654.971741,2928.219127,4729.045285,248,38,57,75.67447406,88.98491093,57.61573226
Kolkata,C0257,22.4961815,88.3171176,700063,3225,5558,5510,35.11955927,41.87330086,34.27744812,3454.491753,1001.300003,2199.988157,180,98,109,82.29979635,58.16320503,71.45071732
Kolkata,C0258,22.46536,88.3814548,700094,3066,5577,5053,95.55807038,24.93271971,28.43429143,2079.702859,3340.654373,3883.387499,252,358,126,59.46898455,69.68998438,67.22264955
Kolkata,C0278,22.5645786,88.4903991,700107,5563,9335,8836,23.28933262,57.23071059,39.99136152,4852.673406,4604.481493,4352.180199,187,472,24,96.94471205,75.38430385,68.90923075
Kolkata,C0279,22.5031563,88.3592917,700052,9198,9908,4097,14.69379352,32.6438916,14.08025215,3811.543055,3940.528966,4201.195683,124,242,76,98.46969865,66.55103442,70.10232954
Kolkata,C0280,22.4653861,88.309746,700156,5177,5942,7074,65.3810993,94.04838205,86.53951502,1854.111757,1250.571327,1463.473322,334,353,14,79.79237396,80.25682961,53.5398478
Kolkata,C0281,22.476241,88.3961825,700140,6449,5849,5277,46.6550466,61.62353632,14.16821901,978.993744,1667.595696,2703.420276,444,89,41,68.20194971,59.03699297,58.20126526
Kolkata,C0282,22.6040117,88.4014279,700046,7911,4401,6998,52.33231814,30.56383473,64.32557824,4399.455334,4585.821574,1468.981154,225,237,118,82.67225227,70.18403519,96.21820718
Kolkata,C0283,22.6272028,88.4201219,711302,9597,2270,1716,70.3613774,85.98465535,48.75120164,3918.007901,4943.74666,4674.56315,231,100,483,65.05767304,74.08851222,56.04680931
Kolkata,C0284,22.5428637,88.3627528,700015,1278,6621,5785,84.39521761,13.32290793,61.32042678,1500.051607,2020.717487,3367.659425,340,251,89,74.69907732,72.38919409,94.51658624
Kolkata,C0285,22.9583839,88.52561,700074,5189,2488,2998,85.43574572,65.49872792,91.0571169,2806.022242,1895.037703,2290.95543,131,273,237,76.67160757,73.11920615,50.25959383
Kolkata,C0286,22.6188806,88.399662,700045,5213,4329,8226,19.0691072,12.99946799,19.77490099,4369.70254,542.8018749,3130.495799,337,440,89,72.5836788,77.72887782,94.30976074
Kolkata,C0287,22.4543587,88.3075852,700046,4794,6927,4571,74.94928806,16.18678087,97.88215574,4654.20444,506.700557,2989.620377,85,62,384,80.41070931,53.723373,74.3284502
Kolkata,C0288,22.5890207,88.3699896,700033,6486,5800,2946,98.33886533,78.7916535,27.99439628,680.0204639,2245.617497,3980.197801,141,303,282,77.57011038,78.58066209,86.14045525
Kolkata,C0289,22.7159946,88.4919563,700095,2736,9251,5417,38.83665023,20.8237273,83.80720705,2989.143455,1144.214018,4769.661649,414,77,499,73.72511282,65.36471924,53.73960873
Kolkata,C0290,22.6049886,88.2746188,700104,8165,2511,8366,77.57178918,81.87980829,46.88705034,1309.451392,1814.408889,1689.1474,410,11,50,65.19231456,81.09729768,92.70373413
Mumbai,C0304,19.2050261,72.870113,400101,9790,5251,2641,18.61772584,41.56817994,30.69870645,2984.166585,1205.611001,2746.526764,387,327,170,55.38114596,62.01326237,61.31841384
Mumbai,C0305,19.0277561,73.0356307,400614,7145,9520,6707,64.34535027,84.75262141,54.58039567,3751.021532,2775.719499,1292.046863,409,145,268,83.25636468,74.57680075,50.61769766
Mumbai,C0306,18.9938878,73.1146376,400101,5668,5974,6432,78.14066966,91.87190174,62.56028298,3797.155688,1353.807937,4493.958852,114,134,260,77.13736111,89.90009298,76.04537186
Mumbai,C0324,19.0190756,72.8366254,400101,2113,8788,5969,16.04078235,59.06062095,76.65364409,1414.905492,1379.209281,2247.861623,255,206,154,63.95207962,80.04524799,88.46398979
Mumbai,C0325,19.168105,72.8605038,400028,6868,2917,4948,34.75133197,56.57308316,30.81084102,556.7222704,3801.071862,500.0715366,123,158,324,58.84521348,88.96926066,67.93676547
Mumbai,C0326,19.0233708,73.0161595,400614,1283,6273,4352,61.69267999,49.59962892,18.44327487,826.6072083,2296.394029,2244.879178,211,38,394,84.09969134,66.83015171,68.01907656
Mumbai,C0327,19.0353785,72.8427291,400101,9928,2850,1641,42.75849746,77.97843792,50.99733271,4809.316993,2481.811531,4193.931994,234,40,191,72.37082883,79.76008789,67.5830995
Mumbai,C0328,19.1755402,72.9514312,400614,3584,7408,3699,65.13951375,50.86347577,55.64579371,4297.909575,2298.941917,4930.314401,235,108,31,68.11922528,64.44575681,66.38780967
Mumbai,C0329,19.0416811,72.8651487,400042,9681,8017,4813,10.33834724,41.94221093,11.0320304,3802.013616,2186.942414,3840.678167,284,300,49,90.10566641,58.04634997,78.9765061
Mumbai,C0330,19.0467994,73.0694143,400071,5361,2950,7173,71.17346956,15.46343385,77.83356392,4300.899641,3636.640718,4901.177188,409,122,94,93.39993936,66.09757254,83.9348707
Mumbai,C0331,19.031784,73.0994121,400063,2386,9692,3606,44.66560344,41.8216208,54.50245022,2296.750306,2231.041807,1240.974679,47,216,369,63.98956103,50.39367431,64.32498278
Mumbai,C0332,19.0184951,72.8502421,400086,9094,1872,3508,51.37278179,24.5104146,29.99297207,2208.61665,4300.13978,630.9245483,211,66,61,91.80107162,67.05883823,66.07268474
Mumbai,C0333,19.1344882,72.9369843,400701,6744,3017,5199,35.07148413,96.67135297,99.6027897,3287.101904,685.7338349,2098.494593,390,83,328,97.79145709,83.07384144,86.02725156
Mumbai,C0334,19.1043016,72.9059229,400014,8652,3405,7339,40.55979295,67.14049678,17.59128319,3785.078916,1434.058662,621.4951143,283,325,64,89.14328509,68.71485317,83.86345838
Mumbai,C0335,19.0878917,72.904025,400706,3595,9751,9474,94.71478241,39.56781516,42.39882165,3103.810917,741.4350129,4704.499731,288,356,43,71.818543,54.68951018,54.53656674
Mumbai,C0336,19.1230934,73.0030507,410206,8996,6397,7617,90.65803342,59.99253409,64.47216583,2714.95425,4468.997603,3559.878732,153,147,237,87.23272031,62.12590287,55.10172199
Mumbai,C0337,19.0861563,72.9133509,400075,1645,9271,9878,40.21318373,33.35348099,51.81601634,504.6194077,904.5240942,1047.862392,138,11,360,63.63256136,57.2429933,89.73402886
Mumbai,C0338,19.034659,72.8930381,400074,2992,8905,5630,44.99365643,74.88705827,11.55758232,3946.171969,3108.976878,604.0882377,33,284,265,77.25773142,82.80267386,57.53496037
Mumbai,C0339,19.0731299,72.9144852,410210,7347,3127,2764,83.14010039,84.83775921,49.19292668,4270.188222,4894.545119,3395.525887,164,373,192,57.20484626,92.67201527,71.6287603
Mumbai,C0340,19.079091,72.883052,400016,6218,1771,7002,29.70591156,93.14912291,43.74215443,4637.27272,4354.792585,2707.371171,279,354,147,89.16842931,90.18263187,80.55002222
Mumbai,C0341,19.0260087,72.8684164,400042,4188,6405,4904,85.49180686,30.92511217,50.48306877,3450.274993,3902.936689,553.4175592,465,126,145,76.68493962,96.83933056,89.03246153
Mumbai,C0342,19.122641,72.9126071,400012,8165,9395,4017,80.95781201,11.92045055,59.95383174,2669.285055,4045.578468,4978.7151,144,72,188,81.53882456,81.6307198,99.76054856
Mumbai,C0343,19.0773953,73.0034115,400101,7131,7638,1702,59.22312242,39.81270534,47.70923198,2228.185996,2106.16526,3899.22805,134,11,278,93.68140364,75.08522151,50.28943833
Mumbai,C0344,19.159738,72.8415509,400014,9322,7609,4791,99.22327628,16.4528162,93.18300031,3108.881744,2773.205038,1680.341132,340,324,383,72.86837467,86.28934794,73.36085061
Mumbai,C0345,19.2427961,73.1728375,410210,7600,6287,8079,74.04508341,10.70886704,81.45779297,2696.197322,1222.732058,4332.966746,464,54,176,93.93576698,66.01130923,80.87660737
Mumbai,C0346,19.0599043,72.8996003,400070,4843,8756,9621,20.16205287,47.38441205,49.46697399,1562.952141,2933.220865,2933.754237,22,35,392,97.65991618,58.07627533,77.79943479
Mumbai,C0347,19.1717693,72.9618554,400706,4534,2196,3900,84.16972994,54.56028569,40.68362144,2873.821232,3935.070767,4069.162219,268,90,145,73.35987464,96.26041617,53.52249868
Mumbai,C0348,19.0620078,72.8818334,400614,2013,9716,9518,96.38166991,47.81500552,26.75809277,746.0126905,3611.000846,1499.963739,27,40,319,56.78805865,52.33599046,99.44343233
